{"cameraMode":{"drawMode":0,"name":"Shaded","section":"Shading Mode"},"sceneLighting":false,"audioPlay":false,"sceneViewState":{"showFog":false,"showMaterialUpdate":false,"showSkybox":false,"showFlares":false,"showImageEffects":false,"showParticleSystems":false},"in2DMode":false,"pivot":{"x":-0.15300190448760987,"y":0.6075617074966431,"z":0.0},"rotation":{"x":-0.022491319105029107,"y":0.02458425797522068,"z":-0.0005533845978789032,"w":-0.9994479417800903},"size":25.117040634155275,"orthographic":true}